ID,Name,Password
1,AAA,1234
2,BBB,1235
3,CCCC,1236
4,,1237
5,,1238
6,,1239
7,,1240
8,,1241
9,,1242
10,,1243
11,,1244
12,,1245
13,,1246
14,,1247
15,,1248
16,,1249
17,,1250
18,,1251
19,,1252
20,,1253
21,,1254
22,,1255
23,,1256
24,,1257
25,,1258
26,,1259
27,,1260
28,,1261
29,,1262
30,,1263
31,,1264
32,,1265
33,,1266
34,,1267
35,,1268
36,,1269
37,,1270
38,,1271
39,,1272
40,,1273
41,,1274
42,,1275
43,,1276
44,,1277
45,,1278
46,,1279
47,,1280
48,,1281
49,,1282
50,,1283
51,,1284
52,,1285
53,,1286
54,,1287
55,,1288
56,,1289
57,,1290
58,,1291
59,,1292
60,,1293
61,,1294
62,,1295
63,,1296
64,,1297
65,,1298
66,,1299
67,,1300
68,,1301
69,,1302
70,,1303
71,,1304
72,,1305
73,,1306
74,,1307
75,,1308
76,,1309
77,,1310
78,,1311
79,,1312
80,,1313
81,,1314
82,,1315
83,,1316
84,,1317
85,,1318
86,,1319
87,,1320
88,,1321
89,,1322
90,,1323
91,,1324
92,,1325
93,,1326
94,,1327
95,,1328
96,,1329
97,,1330
98,,1331
99,,1332
100,,1333
101,,1334
102,,1335
103,,1336
104,,1337
105,,1338
106,,1339
107,,1340
108,,1341
109,,1342
110,,1343
111,,1344
112,,1345
113,,1346
114,,1347
115,,1348
116,,1349
117,,1350
118,,1351
119,,1352
120,,1353
121,,1354
122,,1355
123,,1356
124,,1357
125,,1358
126,,1359
127,,1360
128,,1361
129,,1362
130,,1363
131,,1364
132,,1365
133,,1366
134,,1367
135,,1368
136,,1369
137,,1370
138,,1371
139,,1372
140,,1373
141,,1374
142,,1375
143,,1376
144,,1377
145,,1378
146,,1379
147,,1380
148,,1381
149,,1382
150,,1383
151,,1384
152,,1385
153,,1386
154,,1387
155,,1388
156,,1389
157,,1390
158,,1391
159,,1392
160,,1393
161,,1394
162,,1395
163,,1396
164,,1397
165,,1398
166,,1399
167,,1400
168,,1401
169,,1402
170,,1403
171,,1404
172,,1405
173,,1406
174,,1407
175,,1408
176,,1409
177,,1410
178,,1411
179,,1412
180,,1413
181,,1414
182,,1415
183,,1416
184,,1417
185,,1418
186,,1419
187,,1420
188,,1421
189,,1422
190,,1423
191,,1424
192,,1425
193,,1426
194,,1427
195,,1428
196,,1429
197,,1430
198,,1431
199,,1432
200,,1433
201,,1434
202,,1435
203,,1436
204,,1437
205,,1438
206,,1439
207,,1440
208,,1441
209,,1442
210,,1443
211,,1444
212,,1445
213,,1446
214,,1447
215,,1448
216,,1449
217,,1450
218,,1451
219,,1452
220,,1453
221,,1454
222,,1455
223,,1456
224,,1457
225,,1458
226,,1459
227,,1460
228,,1461
229,,1462
230,,1463
231,,1464
232,,1465
233,,1466
234,,1467
235,,1468
236,,1469
237,,1470
238,,1471
239,,1472
240,,1473
241,,1474
242,,1475
243,,1476
244,,1477
245,,1478
246,,1479
247,,1480
248,,1481
249,,1482
250,,1483
251,,1484
252,,1485
253,,1486
254,,1487
255,,1488
256,,1489
257,,1490
258,,1491
259,,1492
260,,1493
261,,1494
262,,1495
263,,1496
264,,1497
265,,1498
266,,1499
267,,1500
268,,1501
269,,1502
270,,1503
271,,1504
272,,1505
273,,1506
274,,1507
275,,1508
276,,1509
277,,1510
278,,1511
279,,1512
280,,1513
281,,1514
282,,1515
283,,1516
284,,1517
285,,1518
286,,1519
287,,1520
288,,1521
289,,1522
290,,1523
291,,1524
292,,1525
293,,1526
294,,1527
295,,1528
296,,1529
297,,1530
298,,1531
299,,1532
300,,1533
301,,1534
302,,1535
303,,1536
304,,1537
305,,1538
306,,1539
307,,1540
308,,1541
309,,1542
310,,1543
311,,1544
312,,1545
313,,1546
314,,1547
315,,1548
316,,1549
317,,1550
318,,1551
319,,1552
320,,1553
321,,1554
322,,1555
323,,1556
324,,1557
325,,1558
326,,1559
327,,1560
328,,1561
329,,1562
330,,1563
331,,1564
332,,1565
333,,1566
334,,1567
335,,1568
336,,1569
337,,1570
338,,1571
339,,1572
340,,1573
341,,1574
342,,1575
343,,1576
344,,1577
345,,1578
346,,1579
347,,1580
348,,1581
349,,1582
350,,1583
351,,1584
352,,1585
353,,1586
354,,1587
355,,1588
356,,1589
357,,1590
358,,1591
359,,1592
360,,1593
361,,1594
362,,1595
363,,1596
364,,1597
365,,1598
366,,1599
367,,1600
368,,1601
369,,1602
370,,1603
371,,1604
372,,1605
373,,1606
374,,1607
375,,1608
376,,1609
377,,1610
378,,1611
379,,1612
380,,1613
381,,1614
382,,1615
383,,1616
384,,1617
385,,1618
386,,1619
387,,1620
388,,1621
389,,1622
390,,1623
391,,1624
392,,1625
393,,1626
394,,1627
395,,1628
396,,1629
397,,1630
398,,1631
399,,1632
400,,1633
401,,1634
402,,1635
403,,1636
404,,1637
405,,1638
406,,1639
407,,1640
408,,1641
409,,1642
410,,1643
411,,1644
412,,1645
413,,1646
414,,1647
415,,1648
416,,1649
417,,1650
418,,1651
419,,1652
420,,1653
421,,1654
422,,1655
423,,1656
424,,1657
425,,1658
426,,1659
427,,1660
428,,1661
429,,1662
430,,1663
431,,1664
432,,1665
433,,1666
434,,1667
435,,1668
436,,1669
437,,1670
438,,1671
439,,1672
440,,1673
441,,1674
442,,1675
443,,1676
444,,1677
445,,1678
446,,1679
447,,1680
448,,1681
449,,1682
450,,1683
451,,1684
452,,1685
453,,1686
454,,1687
455,,1688
456,,1689
457,,1690
458,,1691
459,,1692
460,,1693
461,,1694
462,,1695
463,,1696
464,,1697
465,,1698
466,,1699
467,,1700
468,,1701
469,,1702
470,,1703
471,,1704
472,,1705
473,,1706
474,,1707
475,,1708
476,,1709
477,,1710
478,,1711
479,,1712
480,,1713
481,,1714
482,,1715
483,,1716
484,,1717
485,,1718
486,,1719
487,,1720
488,,1721
489,,1722
490,,1723
491,,1724
492,,1725
493,,1726
494,,1727
495,,1728
496,,1729
497,,1730
498,,1731
499,,1732
500,,1733
501,,1734
502,,1735
503,,1736
504,,1737
505,,1738
506,,1739
507,,1740
508,,1741
509,,1742
510,,1743
511,,1744
512,,1745
513,,1746
514,,1747
515,,1748
516,,1749
517,,1750
518,,1751
519,,1752
520,,1753
521,,1754
522,,1755
523,,1756
524,,1757
525,,1758
526,,1759
527,,1760
528,,1761
529,,1762
530,,1763
531,,1764
532,,1765
533,,1766
534,,1767
535,,1768
536,,1769
537,,1770
538,,1771
539,,1772
540,,1773
541,,1774
542,,1775
543,,1776
544,,1777
545,,1778
546,,1779
547,,1780
548,,1781
549,,1782
550,,1783
551,,1784
552,,1785
553,,1786
554,,1787
555,,1788
556,,1789
557,,1790
558,,1791
559,,1792
560,,1793
561,,1794
562,,1795
563,,1796
564,,1797
565,,1798
566,,1799
567,,1800
568,,1801
569,,1802
570,,1803
571,,1804
572,,1805
573,,1806
574,,1807
575,,1808
576,,1809
577,,1810
578,,1811
579,,1812
580,,1813
581,,1814
582,,1815
583,,1816
584,,1817
585,,1818
586,,1819
587,,1820
588,,1821
589,,1822
590,,1823
591,,1824
592,,1825
593,,1826
594,,1827
595,,1828
596,,1829
597,,1830
598,,1831
599,,1832
600,,1833
601,,1834
602,,1835
603,,1836
604,,1837
605,,1838
606,,1839
607,,1840
608,,1841
609,,1842
610,,1843
611,,1844
612,,1845
613,,1846
614,,1847
615,,1848
616,,1849
617,,1850
618,,1851
619,,1852
620,,1853
621,,1854
622,,1855
623,,1856
624,,1857
625,,1858
626,,1859
627,,1860
628,,1861
629,,1862
630,,1863
631,,1864
632,,1865
633,,1866
634,,1867
635,,1868
636,,1869
637,,1870
638,,1871
639,,1872
640,,1873
641,,1874
642,,1875
643,,1876
644,,1877
645,,1878
646,,1879
647,,1880
648,,1881
649,,1882
650,,1883
651,,1884
652,,1885
653,,1886
654,,1887
655,,1888
656,,1889
657,,1890
658,,1891
659,,1892
660,,1893
661,,1894
662,,1895
663,,1896
664,,1897
665,,1898
666,,1899
667,,1900
668,,1901
669,,1902
670,,1903
671,,1904
672,,1905
673,,1906
674,,1907
675,,1908
676,,1909
677,,1910
678,,1911
679,,1912
680,,1913
681,,1914
682,,1915
683,,1916
684,,1917
685,,1918
686,,1919
687,,1920
688,,1921
689,,1922
690,,1923
691,,1924
692,,1925
693,,1926
694,,1927
695,,1928
696,,1929
697,,1930
698,,1931
699,,1932
700,,1933
701,,1934
702,,1935
703,,1936
704,,1937
705,,1938
706,,1939
707,,1940
708,,1941
709,,1942
710,,1943
711,,1944
712,,1945
713,,1946
714,,1947
715,,1948
716,,1949
717,,1950
718,,1951
719,,1952
720,,1953
721,,1954
722,,1955
723,,1956
724,,1957
725,,1958
726,,1959
727,,1960
728,,1961
729,,1962
730,,1963
731,,1964
732,,1965
733,,1966
734,,1967
735,,1968
736,,1969
737,,1970
738,,1971
739,,1972
740,,1973
741,,1974
742,,1975
743,,1976
744,,1977
745,,1978
746,,1979
747,,1980
748,,1981
749,,1982
750,,1983
751,,1984
752,,1985
753,,1986
754,,1987
755,,1988
756,,1989
757,,1990
758,,1991
759,,1992
760,,1993
761,,1994
762,,1995
763,,1996
764,,1997
765,,1998
766,,1999
767,,2000
768,,2001
769,,2002
770,,2003
771,,2004
772,,2005
773,,2006
774,,2007
775,,2008
776,,2009
777,,2010
778,,2011
779,,2012
780,,2013
781,,2014
782,,2015
783,,2016
784,,2017
785,,2018
786,,2019
787,,2020
788,,2021
789,,2022
790,,2023
791,,2024
792,,2025
793,,2026
794,,2027
795,,2028
796,,2029
797,,2030
798,,2031
799,,2032
800,,2033
801,,2034
802,,2035
803,,2036
804,,2037
805,,2038
806,,2039
807,,2040
808,,2041
809,,2042
810,,2043
811,,2044
812,,2045
813,,2046
814,,2047
815,,2048
816,,2049
817,,2050
818,,2051
819,,2052
820,,2053
821,,2054
822,,2055
823,,2056
824,,2057
825,,2058
826,,2059
827,,2060
828,,2061
829,,2062
830,,2063
831,,2064
832,,2065
833,,2066
834,,2067
835,,2068
836,,2069
837,,2070
838,,2071
839,,2072
840,,2073
841,,2074
842,,2075
843,,2076
844,,2077
845,,2078
846,,2079
847,,2080
848,,2081
849,,2082
850,,2083
851,,2084
852,,2085
853,,2086
854,,2087
855,,2088
856,,2089
857,,2090
858,,2091
859,,2092
860,,2093
861,,2094
862,,2095
863,,2096
864,,2097
865,,2098
866,,2099
867,,2100
868,,2101
869,,2102
870,,2103
871,,2104
872,,2105
873,,2106
874,,2107
875,,2108
876,,2109
877,,2110
878,,2111
879,,2112
880,,2113
881,,2114
882,,2115
883,,2116
884,,2117
885,,2118
886,,2119
887,,2120
888,,2121
889,,2122
890,,2123
891,,2124
892,,2125
893,,2126
894,,2127
895,,2128
896,,2129
897,,2130
898,,2131
899,,2132
900,,2133
901,,2134
902,,2135
903,,2136
904,,2137
905,,2138
906,,2139
907,,2140
908,,2141
909,,2142
910,,2143
911,,2144
912,,2145
913,,2146
914,,2147
915,,2148
916,,2149
917,,2150
918,,2151
919,,2152
920,,2153
921,,2154
922,,2155
923,,2156
924,,2157
925,,2158
926,,2159
927,,2160
928,,2161
929,,2162
930,,2163
931,,2164
932,,2165
933,,2166
934,,2167
935,,2168
936,,2169
937,,2170
938,,2171
939,,2172
940,,2173
941,,2174
942,,2175
943,,2176
944,,2177
945,,2178
946,,2179
947,,2180
948,,2181
949,,2182
950,,2183
951,,2184
952,,2185
953,,2186
954,,2187
955,,2188
956,,2189
957,,2190
958,,2191
959,,2192
960,,2193
961,,2194
962,,2195
963,,2196
964,,2197
965,,2198
966,,2199
967,,2200
968,,2201
969,,2202
970,,2203
971,,2204
972,,2205
973,,2206
974,,2207
975,,2208
976,,2209
977,,2210
978,,2211
979,,2212
980,,2213
981,,2214
982,,2215
983,,2216
984,,2217
985,,2218
986,,2219
987,,2220
988,,2221
989,,2222
990,,2223
991,,2224
992,,2225
993,,2226
994,,2227
995,,2228
996,,2229
997,,2230
998,,2231
999,,2232
1000,,2233
